회사명,회사코드
파인넥스,A123260
라닉스,A317120
네오크레마,A311390
럭슬,A033600
한프,A066110
이수페타시스,A007660
경창산업,A024910
화진,A134780
KJ프리텍,A083470
이노와이즈,A086250
삼보모터스,A053700
캔서롭,A180400
한류AI센터,A222810
인프라웨어,A041020
데일리블록체인,A139050
에넥스,A011090
인산가,A277410
금비,A008870
LS,A006260
시노펙스,A025320
넥스트BT,A065170
SG세계물산,A004060
유니켐,A011330
예스코홀딩스,A015360
삼양통상,A002170
효성중공업,A298040
갤럭시아에스엠,A011420
홈센타홀딩스,A060560
멕아이씨에스,A058110
유바이오로직스,A206650
옴니텔,A057680
신일산업,A002700
시너지이노베이션,A048870
대호피앤씨,A021040
SH에너지화학,A002360
효성티앤씨,A298020
세화아이엠씨,A145210
쎄노텍,A222420
슈펙스비앤피,A058530
한국제지,A002300
루미마이크로,A082800
코데즈컴바인,A047770
키네마스터,A139670
위지트,A036090
CMG제약,A058820
LG하우시스,A108670
세하,A027970
한창,A005110
KR모터스,A000040
ITX엠투엠,A099520
녹십자,A006280
신대양제지,A016590
모바일리더,A100030
이베스트투자증권,A078020
아이쓰리시스템,A214430
SK바이오랜드,A052260
한미사이언스,A008930
무림P&P,A009580
에코프로비엠,A247540
예림당,A036000
네오오토,A212560
해태제과식품,A101530
유진기업,A023410
금호산업,A002990
대웅,A003090
SJM홀딩스,A025530
한국유니온제약,A080720
싸이맥스,A160980
동방아그로,A007590
케어랩스,A263700
대림B&Co,A005750
크라운제과,A264900
삼아알미늄,A006110
일양약품,A007570
동원수산,A030720
에스티아이,A039440
파멥신,A208340
원익홀딩스,A030530
오로라,A039830
DSR제강,A069730
삼영이엔씨,A065570
아이원스,A114810
케이피에프,A024880
가온미디어,A078890
이상네트웍스,A080010
SK네트웍스,A001740
유라테크,A048430
모베이스,A101330
선익시스템,A171090
태경화학,A006890
힘스,A238490
조비,A001550
한국종합기술,A023350
유비벨록스,A089850
현대사료,A016790
삼현철강,A017480
무림SP,A001810
두산인프라코어,A042670
블루콤,A033560
세경하이테크,A148150
KMH,A122450
DSR,A155660
빛샘전자,A072950
한성기업,A003680
톱텍,A108230
신흥,A004080
일지테크,A019540
인바디,A041830
GKL,A114090
미래테크놀로지,A213090
대원제약,A003220
오텍,A067170
평화홀딩스,A010770
디딤,A217620
대유에이텍,A002880
엘컴텍,A037950
에스모,A073070
KPX케미칼,A025000
풍산홀딩스,A005810
GS,A078930
LG이노텍,A011070
에이디칩스,A054630
손오공,A066910
한국가스공사,A036460
하나금융지주,A086790
디지탈옵틱,A106520
엔에스엔,A031860
롯데하이마트,A071840
대유플러스,A000300
이스타코,A015020
신도리코,A029530
효성첨단소재,A298050
삼보산업,A009620
레몬,A294140
유테크,A178780
본느,A226340
쿠쿠홀딩스,A192400
종근당홀딩스,A001630
KB금융,A105560
두산,A000150
동원금속,A018500
퍼스텍,A010820
동양물산,A002900
SGA,A049470
국도화학,A007690
초록뱀,A047820
영원무역홀딩스,A009970
사조산업,A007160
전진바이오팜,A110020
클래시스,A214150
흥아해운,A003280
라이브플렉스,A050120
EMW,A079190
신세계푸드,A031440
조선선재,A120030
서울식품,A004410
일신바이오,A068330
에이엔피,A015260
국보,A001140
비티원,A101140
JW신약,A067290
삼화네트웍스,A046390
인트로메딕,A150840
NHN,A181710
키움증권,A039490
한라홀딩스,A060980
엘오티베큠,A083310
한미글로벌,A053690
삼익THK,A004380
원익IPS,A240810
대동공업,A000490
제이스텍,A090470
영화테크,A265560
웹젠,A069080
진에어,A272450
피앤씨테크,A237750
HDC현대EP,A089470
에이텍티앤,A224110
TBH글로벌,A084870
노바렉스,A194700
신일제약,A012790
동일제강,A002690
현대통신,A039010
일진다이아,A081000
GST,A083450
비덴트,A121800
대성미생물,A036480
테크윙,A089030
삼성출판사,A068290
한솔홀딩스,A004150
디바이스이엔지,A187870
삼일제약,A000520
청담러닝,A096240
슈프리마아이디,A317770
디아이티,A110990
와이엠티,A251370
KH바텍,A060720
용평리조트,A070960
남해화학,A025860
덕산하이메탈,A077360
동일기연,A032960
레고켐바이오,A141080
에이텍,A045660
부스타,A008470
올릭스,A226950
MH에탄올,A023150
경농,A002100
진도,A088790
유수홀딩스,A000700
우리넷,A115440
화신,A010690
한솔테크닉스,A004710
디엔에프,A092070
파인디지털,A038950
상아프론테크,A089980
팜스코,A036580
클리오,A237880
아비코전자,A036010
비엠티,A086670
제일테크노스,A038010
KB오토시스,A024120
서원인텍,A093920
다스코,A058730
에코프로,A086520
액토즈소프트,A052790
나노신소재,A121600
메디포스트,A078160
일진전기,A103590
LS네트웍스,A000680
케이맥,A043290
넥스턴,A089140
한화시스템,A272210
아프리카TV,A067160
원익QnC,A074600
기신정기,A092440
일야,A058450
파미셀,A005690
강남제비스코,A000860
자연과환경,A043910
중앙오션,A054180
LG전자,A066570
우리기술투자,A041190
넷게임즈,A225570
네이처셀,A007390
케이사인,A192250
인콘,A083640
삼성에스디에스,A018260
3S,A060310
해마로푸드서비스,A220630
미래SCI,A028040
한국쉘석유,A002960
한진,A002320
신세계인터내셔날,A031430
우리들휴브레인,A118000
팬스타엔터프라이즈,A054300
모비스,A250060
뉴보텍,A060260
큐캐피탈,A016600
코아스,A071950
신한지주,A055550
뉴인텍,A012340
필로시스헬스케어,A057880
유니슨,A018000
피앤텔,A054340
전방,A000950
유니드,A014830
상상인인더스트리,A101000
에이치엔티,A176440
삼정펄프,A009770
DB손해보험,A005830
보해양조,A000890
이매진아시아,A036260
아남전자,A008700
SK디스커버리,A006120
미래산업,A025560
디알텍,A214680
UCI,A038340
씨아이에스,A222080
프로스테믹스,A203690
포티스,A141020
코오롱인더,A120110
세방전지,A004490
신영증권,A001720
한국금융지주,A071050
금호석유,A011780
STX엔진,A077970
쎄트렉아이,A099320
경동제약,A011040
디스플레이텍,A066670
네오팜,A092730
엑시콘,A092870
금호에이치티,A214330
에스에너지,A095910
풀무원,A017810
인크로스,A216050
혜인,A003010
아이씨디,A040910
하이비젼시스템,A126700
상신브레이크,A041650
KC그린홀딩스,A009440
디티앤씨,A187220
태경산업,A015890
유진투자증권,A001200
동원개발,A013120
신진에스엠,A138070
광동제약,A009290
휴니드,A005870
유아이엘,A049520
사람인에이치알,A143240
제일연마,A001560
성보화학,A003080
제일기획,A030000
엠플러스,A259630
WISCOM,A024070
KG이니시스,A035600
엔지켐생명과학,A183490
오스템임플란트,A048260
캐스텍코리아,A071850
빅솔론,A093190
고려개발,A004200
보라티알,A250000
프리엠스,A053160
셀트리온제약,A068760
민앤지,A214180
엠씨넥스,A097520
신원종합개발,A017000
오파스넷,A173130
대원강업,A000430
동구바이오제약,A006620
케이엠,A083550
플랜티넷,A075130
에스텍파마,A041910
디오,A039840
다원시스,A068240
상상인,A038540
웅진씽크빅,A095720
KTB투자증권,A030210
동우팜투테이블,A088910
피에스텍,A002230
효성오앤비,A097870
SBS콘텐츠허브,A046140
중앙에너비스,A000440
우리산업홀딩스,A072470
엘앤씨바이오,A290650
SG&G,A040610
나우IB,A293580
AJ네트웍스,A095570
케이피에스,A256940
이지케어텍,A099750
유니온,A000910
삼호개발,A010960
한농화성,A011500
텔레칩스,A054450
KG모빌리언스,A046440
동양피스톤,A092780
한일철강,A002220
성우전자,A081580
영보화학,A014440
금호전기,A001210
휴비츠,A065510
모두투어,A080160
푸드나무,A290720
화일약품,A061250
성창기업지주,A000180
HSD엔진,A082740
율호,A072770
아리온,A058220
지노믹트리,A228760
DB,A012030
동아에스티,A170900
고려제강,A002240
디젠스,A113810
진매트릭스,A109820
큐브앤컴퍼니,A043090
포스링크,A056730
시큐브,A131090
기아차,A000270
롯데지주,A004990
바른전자,A064520
동양철관,A008970
신성이엔지,A011930
한국단자,A025540
일신석재,A007110
쎌마테라퓨틱스,A015540
마이크로텍,A227950
메디프론,A065650
제이웨이,A058420
컴투스,A078340
대신정보통신,A020180
마니커,A027740
브레인콘텐츠,A066980
이그잭스,A060230
삼화왕관,A004450
SK하이닉스,A000660
하이스틸,A071090
아모레퍼시픽,A090430
원풍물산,A008290
오리엔트바이오,A002630
드림시큐리티,A203650
상보,A027580
AK홀딩스,A006840
큐브엔터,A182360
삼성바이오로직스,A207940
현대건설기계,A267270
가온전선,A000500
삼성전기,A009150
라온시큐어,A042510
영진약품,A003520
카카오,A035720
아미노로직스,A074430
롯데푸드,A002270
키이스트,A054780
대창단조,A015230
네패스,A033640
피제이전자,A006140
케이엔더블유,A105330
대림통상,A006570
동일철강,A023790
RFHIC,A218410
AP시스템,A265520
서린바이오,A038070
동국산업,A005160
콜마비앤에이치,A200130
유니퀘스트,A077500
한국카본,A017960
JW생명과학,A234080
이랜텍,A054210
다나와,A119860
동양파일,A228340
오이솔루션,A138080
아나패스,A123860
한국정밀기계,A101680
도이치모터스,A067990
한국프랜지,A010100
이지바이오,A035810
오리콤,A010470
인터지스,A129260
에이테크솔루션,A071670
펌텍코리아,A251970
카프로,A006380
대봉엘에스,A078140
에치에프알,A230240
노바텍,A285490
대유,A290380
씨앤지하이테크,A264660
삼천당제약,A000250
삼천리자전거,A024950
신한,A005450
파커스,A065690
한라IMS,A092460
우진플라임,A049800
SIMPAC,A009160
그린플러스,A186230
티엘아이,A062860
위닉스,A044340
유니테스트,A086390
메지온,A140410
아미코젠,A092040
동부제철,A016380
타이거일렉,A219130
한스바이오메드,A042520
한국가구,A004590
세틀뱅크,A234340
헬릭스미스,A084990
DMS,A068790
대동기어,A008830
우림기계,A101170
안트로젠,A065660
에이치시티,A072990
대륙제관,A004780
한세예스24홀딩스,A016450
알에프세미,A096610
화성밸브,A039610
코콤,A015710
남화산업,A111710
삼화전기,A009470
알리코제약,A260660
와이엔텍,A067900
대원미디어,A048910
현대공업,A170030
포시에스,A189690
알에프텍,A061040
코리아센터,A290510
액트로,A290740
케이피티유,A054410
세종메디칼,A258830
우진,A105840
현대에이치씨엔,A126560
유성티엔에스,A024800
하츠,A066130
새로닉스,A042600
S&K폴리텍,A091340
옵티시스,A109080
KCTC,A009070
디케이앤디,A263020
티피씨글로벌,A130740
이니텍,A053350
바이오솔루션,A086820
아진엑스텍,A059120
경보제약,A214390
차바이오텍,A085660
부광약품,A003000
하나머티리얼즈,A166090
YW,A051390
동성코퍼레이션,A102260
큐에스아이,A066310
동아화성,A041930
NPC,A004250
원풍,A008370
하이트론,A019490
한솔씨앤피,A221610
미래나노텍,A095500
비츠로테크,A042370
대동스틸,A048470
이건홀딩스,A039020
인포뱅크,A039290
자이글,A234920
더블유에프엠,A035290
에프엔에스테크,A083500
더존비즈온,A012510
아스트,A067390
에이치엘비생명과학,A067630
에스피지,A058610
이원컴포텍,A088290
재영솔루텍,A049630
아세아제지,A002310
한미약품,A128940
메드팩토,A235980
큐로컴,A040350
신라섬유,A001000
케이에스피,A073010
KT&G,A033780
삼성카드,A029780
지어소프트,A051160
퓨전,A195440
휴마시스,A205470
센트럴바이오,A051980
수출포장,A002200
삼광글라스,A005090
현대미포조선,A010620
세기상사,A002420
KD,A044180
부산가스,A015350
미원홀딩스,A107590
현대건설,A000720
엔시트론,A101400
큐로,A015590
제이엘케이인스펙션,A322510
세종텔레콤,A036630
W홀딩컴퍼니,A052300
만호제강,A001080
S-Oil,A010950
빙그레,A005180
KCC,A002380
와이오엠,A066430
한국타이어앤테크놀로지,A161390
경동도시가스,A267290
디티알오토모티브,A007340
판타지오,A032800
형지I&C,A011080
진흥기업,A002780
하이소닉,A106080
켐온,A217600
평화산업,A090080
코센,A009730
휴스틸,A005010
롯데정밀화학,A004000
SK케미칼,A285130
제넨바이오,A072520
서울전자통신,A027040
엔케이물산,A009810
에이티세미콘,A089530
삼성증권,A016360
샘표,A007540
코오롱,A002020
모다,A149940
MP한강,A219550
SBI인베스트먼트,A019550
영우디에스피,A143540
세아베스틸,A001430
넷마블,A251270
파나진,A046210
한빛소프트,A047080
에이아이비트,A039230
KT,A030200
KC코트렐,A119650
티로보틱스,A117730
비에이치,A090460
우신시스템,A017370
인포마크,A175140
토니모리,A214420
참좋은여행,A094850
서울제약,A018680
일진파워,A094820
명성티엔에스,A257370
엔텔스,A069410
하나마이크론,A067310
코나아이,A052400
서연탑메탈,A019770
디아이씨,A092200
동진쎄미켐,A005290
덕산네오룩스,A213420
에스앤더블류,A103230
아이텍,A119830
금강철강,A053260
로고스바이오,A238120
윈하이텍,A192390
삼영엠텍,A054540
보령제약,A003850
KTH,A036030
디자인,A227100
삼표시멘트,A038500
테고사이언스,A191420
아이즈비전,A031310
디에이치피코리아,A131030
아이티엠반도체,A084850
메디아나,A041920
고려제약,A014570
켐트로닉스,A089010
쎄미시스코,A136510
특수건설,A026150
엘앤에프,A066970
아진산업,A013310
녹십자셀,A031390
한국내화,A010040
백산,A035150
화천기계,A010660
크린앤사이언스,A045520
삼강엠앤티,A100090
아세아텍,A050860
케이프,A064820
부국철강,A026940
오션브릿지,A241790
파트론,A091700
유안타증권,A003470
비츠로셀,A082920
TJ미디어,A032540
한익스프레스,A014130
진바이오텍,A086060
제닉,A123330
코스모화학,A005420
나라엠앤디,A051490
제룡산업,A147830
계양전기,A012200
일진홀딩스,A015860
조광ILI,A044060
대우건설,A047040
STX중공업,A071970
윌링스,A313760
로보티즈,A108490
파크시스템스,A140860
AP위성,A211270
뉴트리,A270870
라이온켐텍,A171120
이즈미디어,A181340
삼성엔지니어링,A028050
한국컴퓨터,A054040
대주전자재료,A078600
메탈라이프,A327260
진성티이씨,A036890
문배철강,A008420
진양홀딩스,A100250
아우딘퓨쳐스,A227610
한화투자증권,A003530
파워로직스,A047310
에스제이그룹,A306040
신성델타테크,A065350
CJ CGV,A079160
에이디테크놀로지,A200710
유니테크노,A241690
디지아이,A043360
나무가,A190510
씨젠,A096530
모아텍,A033200
성창오토텍,A080470
파버나인,A177830
베뉴지,A019010
한일네트웍스,A046110
솔루에타,A154040
인터파크홀딩스,A035080
디에스케이,A109740
코오롱플라스틱,A138490
녹원씨엔아이,A065560
우성사료,A006980
대모,A317850
브이원텍,A251630
경인양행,A012610
삼원강재,A023000
동양에스텍,A060380
솔본,A035610
유앤아이,A056090
신화콘텍,A187270
누리텔레콤,A040160
NHN한국사이버결제,A060250
서진오토모티브,A122690
SBS미디어홀딩스,A101060
쌍용차,A003620
이노메트리,A302430
영풍제지,A006740
흥국,A010240
루트로닉,A085370
두올산업,A078590
피에스엠씨,A024850
캐리소프트,A317530
S&T모티브,A064960
부산산업,A011390
BYC,A001460
세아홀딩스,A058650
지코,A010580
신세계건설,A034300
국일제지,A078130
현대중공업지주,A267250
SCI평가정보,A036120
엠벤처투자,A019590
삼원테크,A073640
소리바다,A053110
대창솔루션,A096350
오리엔트정공,A065500
나무기술,A242040
토박스코리아,A215480
대한제당,A001790
현대해상,A001450
서남,A294630
액션스퀘어,A205500
나노브릭,A286750
퓨쳐스트림네트웍스,A214270
선광,A003100
한화에어로스페이스,A012450
아이씨케이,A068940
디오스텍,A196450
대한제분,A001130
주연테크,A044380
GS건설,A006360
매일유업,A267980
대성엘텍,A025440
한송네오텍,A226440
계룡건설,A013580
천일고속,A000650
LS산전,A010120
미래아이앤지,A007120
한화,A000880
대웅제약,A069620
메디톡스,A086900
미원에스씨,A268280
KISCO홀딩스,A001940
슈피겐코리아,A192440
에쎈테크,A043340
롯데쇼핑,A023530
코오롱생명과학,A102940
솔브레인,A036830
인천도시가스,A034590
미원화학,A134380
제낙스,A065620
휘닉스소재,A050090
SKC,A011790
세원정공,A021820
S&T홀딩스,A036530
한섬,A020000
LF,A093050
덕우전자,A263600
파세코,A037070
남광토건,A001260
현우산업,A092300
인선이엔티,A060150
샘코,A263540
지란지교시큐리티,A208350
에스디생명공학,A217480
파라텍,A033540
우노앤컴퍼니,A114630
배럴,A267790
씨큐브,A101240
팬오션,A028670
KCI,A036670
성우테크론,A045300
금호타이어,A073240
코스온,A069110
우리들제약,A004720
파이오링크,A170790
화승인더,A006060
TCC스틸,A002710
알테오젠,A196170
한국정보공학,A039740
한독크린텍,A256150
두올,A016740
에코바이오,A038870
코프라,A126600
대창스틸,A140520
티웨이항공,A091810
메리츠종금증권,A008560
한국자산신탁,A123890
코아시아,A045970
제이준코스메틱,A025620
서암기계공업,A100660
한국정보통신,A025770
오스템,A031510
한국경제TV,A039340
백광소재,A014580
에프에스티,A036810
시공테크,A020710
KT서브마린,A060370
인터파크,A108790
푸드웰,A005670
바이넥스,A053030
셀리버리,A268600
흥구석유,A024060
세진티에스,A067770
레이,A228670
선도전기,A007610
유니크,A011320
가비아,A079940
GS글로벌,A001250
누리플랜,A069140
엔브이에이치코리아,A067570
화승엔터프라이즈,A241590
대보마그네틱,A290670
태림포장,A011280
KTis,A058860
머큐리,A100590
아가방컴퍼니,A013990
깨끗한나라,A004540
극동유화,A014530
삼일기업공사,A002290
엠에스씨,A009780
아시아나항공,A020560
동양피엔에프,A104460
지엔씨에너지,A119850
삼륭물산,A014970
피앤이솔루션,A131390
광진실업,A026910
한국전자금융,A063570
세명전기,A017510
상신이디피,A091580
EG,A037370
디에이피,A066900
녹십자랩셀,A144510
어보브반도체,A102120
에프엔씨엔터,A173940
동국S&C,A100130
서울옥션,A063170
에코캡,A128540
YTN,A040300
제이씨현시스템,A033320
에스와이,A109610
그린케미칼,A083420
다산네트웍스,A039560
에이치엘비,A028300
크리스탈,A083790
코맥스,A036690
코스맥스엔비티,A222040
이글루시큐리티,A067920
방림,A003610
HRS,A036640
피엔티,A137400
롯데관광개발,A032350
아이스크림에듀,A289010
알에스오토메이션,A140670
오공,A045060
모트렉스,A118990
아즈텍WB,A032080
세중,A039310
제이에스티나,A026040
피씨디렉트,A051380
모다이노칩,A080420
에코플라스틱,A038110
월덱스,A101160
옵트론텍,A082210
디아이,A003160
에스넷,A038680
서울바이오시스,A092190
비디아이,A148140
팜스빌,A318010
와이엠씨,A155650
애니젠,A196300
양지사,A030960
마이크로프랜드,A147760
NHN벅스,A104200
주성엔지니어링,A036930
아이컴포넌트,A059100
태원물산,A001420
메디앙스,A014100
에너토크,A019990
NEW,A160550
로체시스템즈,A071280
대화제약,A067080
아시아경제,A127710
한컴위드,A054920
대양제지,A006580
리더스코스메틱,A016100
롯데손해보험,A000400
대현,A016090
하이즈항공,A221840
KG ETS,A151860
인지디스플레,A037330
코리아에프티,A123410
에스에스알,A275630
LS전선아시아,A229640
큐리언트,A115180
알티캐스트,A085810
한양디지텍,A078350
덕산테코피아,A317330
세진중공업,A075580
바이오스마트,A038460
라이트론,A069540
동국알앤에스,A075970
푸른기술,A094940
코디엠,A224060
에스아이리소스,A065420
테라셈,A182690
원림,A005820
종근당,A185750
미원상사,A002840
LG디스플레이,A034220
우리기술,A032820
광주신세계,A037710
메이슨캐피탈,A021880
리더스 기술투자,A019570
에이스침대,A003800
동양고속,A084670
대한화섬,A003830
롯데케미칼,A011170
이화산업,A000760
한신공영,A004960
사조대림,A003960
두산밥캣,A241560
한화솔루션,A009830
휴림로봇,A090710
세아특수강,A019440
금화피에스시,A036190
한화갤러리아타임월드,A027390
퍼시스,A016800
SPC삼립,A005610
이노션,A214320
현대일렉트릭,A267260
씨엔플러스,A115530
대우조선해양,A042660
일정실업,A008500
게임빌,A063080
조광피혁,A004700
SK머티리얼즈,A036490
오리온,A271560
세방,A004360
삼성전자,A005930
아모레G,A002790
인스코비,A006490
신영와코루,A005800
네오위즈홀딩스,A042420
영원무역,A111770
경인전자,A009140
동국제약,A086450
아이에스동서,A010780
부국증권,A001270
한국아트라스비엑스,A023890
한류타임즈,A039670
아세아,A002030
오뚜기,A007310
스킨앤스킨,A159910
현대엘리베이,A017800
한국테크놀로지그룹,A000240
한솔케미칼,A014680
대한방직,A001070
에스원,A012750
HDC,A012630
한국테크놀로지,A053590
솔고바이오,A043100
이화전기,A024810
현대모비스,A012330
삼천리,A004690
기업은행,A024110
신라교역,A004970
휴온스글로벌,A084110
대한해운,A005880
펄어비스,A263750
코스맥스비티아이,A044820
골프존,A215000
농심,A004370
디에스티,A033430
이아이디,A093230
S&TC,A100840
유화증권,A003460
제일파마홀딩스,A002620
SBS,A034120
삼양식품,A003230
신화실업,A001770
이오테크닉스,A039030
대한항공,A003490
BGF리테일,A282330
만도,A204320
태웅,A044490
화성산업,A002460
이크레더블,A092130
한국주강,A025890
네오티스,A085910
코아스템,A166480
제이앤티씨,A204270
파워넷,A037030
웨이브일렉트로,A095270
정상제이엘에스,A040420
KPX생명과학,A114450
NE능률,A053290
싸이토젠,A217330
아난티,A025980
예스24,A053280
웹케시,A053580
모베이스전자,A012860
삼일,A032280
칩스앤미디어,A094360
효성ITX,A094280
마이크로컨텍솔,A098120
광전자,A017900
필옵틱스,A161580
쌍용양회,A003410
모나미,A005360
신풍제약,A019170
한온시스템,A018880
서전기전,A189860
팍스넷,A038160
대유에이피,A290120
루멘스,A038060
플레이디,A237820
오킨스전자,A080580
우원개발,A046940
에스엠코어,A007820
한미반도체,A042700
육일씨엔에쓰,A191410
지와이커머스,A111820
유티아이,A179900
원익,A032940
유니트론텍,A142210
국제약품,A002720
네이블,A153460
티앤알바이오팹,A246710
국일신동,A060480
희림,A037440
고려산업,A002140
비즈니스온,A138580
아톤,A158430
그리티,A204020
덕성,A004830
삼진엘앤디,A054090
서산,A079650
제이씨케미칼,A137950
포메탈,A119500
KTcs,A058850
프럼파스트,A035200
명문제약,A017180
알파홀딩스,A117670
삼기오토모티브,A122350
신라에스지,A025870
GH신소재,A130500
디지캡,A197140
광진윈텍,A090150
에스마크,A030270
신신제약,A002800
삼양옵틱스,A225190
JYP Ent.,A035900
한국선재,A025550
스맥,A099440
이퓨쳐,A134060
유니셈,A036200
케이씨피드,A025880
에이비엘바이오,A298380
디케이티,A290550
인터엠,A017250
한일단조,A024740
링네트,A042500
진양제약,A007370
알엔투테크놀로지,A148250
디피씨,A026890
동양,A001520
씨에스베어링,A297090
연이정보통신,A090740
벽산,A007210
백광산업,A001340
티플랙스,A081150
대한과학,A131220
자이에스앤디,A317400
웰크론한텍,A076080
화인베스틸,A133820
부방,A014470
하림,A136480
체리부로,A066360
넵튠,A217270
지니언스,A263860
에스트래픽,A234300
대림제지,A017650
경남스틸,A039240
팬엔터테인먼트,A068050
화승알앤에이,A013520
오스테오닉,A226400
노터스,A278650
천랩,A311690
한국큐빅,A021650
서플러스글로벌,A140070
제노레이,A122310
심텍홀딩스,A036710
PN풍년,A024940
핸디소프트,A220180
브리지텍,A064480
현대상선,A011200
한국화장품,A123690
제이엠티,A094970
이더블유케이,A258610
NICE평가정보,A030190
케이비아이동국실업,A001620
한국토지신탁,A034830
STX,A011810
매커스,A093520
비에이치아이,A083650
젬백스,A082270
하이셈,A200470
라온피플,A300120
웅진,A016880
제룡전기,A033100
엘앤케이바이오,A156100
인피니트헬스케어,A071200
제로투세븐,A159580
유엔젤,A072130
강원,A114190
에스엔유,A080000
동방,A004140
뉴파워프라즈마,A144960
이구산업,A025820
한네트,A052600
제이스테판,A096690
제이엔케이히터,A126880
나노캠텍,A091970
린드먼아시아,A277070
넥스트사이언스,A003580
마니커에프앤지,A195500
마이크로디지탈,A305090
디지털대성,A068930
미래에셋벤처투자,A100790
디앤씨미디어,A263720
엠에스오토텍,A123040
코렌텍,A104540
뉴로스,A126870
대한뉴팜,A054670
일신방직,A003200
바른테크놀로지,A029480
CJ제일제당,A097950
오리온홀딩스,A001800
현대에너지솔루션,A322000
에스엘,A005850
LIG넥스원,A079550
LG상사,A001120
유신,A054930
동원산업,A006040
에이치엘비파워,A043220
코너스톤네트웍스,A033110
씨씨에스,A066790
큐로홀딩스,A051780
샘표식품,A248170
더블유게임즈,A192080
SK텔레콤,A017670
오리엔탈정공,A014940
THE E&M,A089230
대구백화점,A006370
실리콘웍스,A108320
GS리테일,A007070
노루홀딩스,A000320
이에스브이,A223310
버추얼텍,A036620
키위미디어그룹,A012170
대한유화,A006650
케이씨,A029460
종근당바이오,A063160
다우기술,A023590
코스맥스,A192820
한일화학,A007770
삼성공조,A006660
글로스퍼랩스,A032860
이엘케이,A094190
평화정공,A043370
경방,A000050
DGB금융지주,A139130
대성홀딩스,A016710
F&F,A007700
동화기업,A025900
대상,A001680
삼아제약,A009300
현대비앤지스틸,A004560
코닉글로리,A094860
현대차,A005380
삼성화재,A000810
한진칼,A180640
동아타이어,A282690
원일특강,A012620
대원,A007680
하이록코리아,A013030
인포바인,A115310
동양이엔피,A079960
교보증권,A030610
롯데정보통신,A286940
한샘,A009240
서연이화,A200880
삼영전자,A005680
SK,A034730
한솔제지,A213500
서흥,A008490
티탑스,A030790
인탑스,A049070
BNK금융지주,A138930
대한약품,A023910
제이콘텐트리,A036420
승일,A049830
현대상사,A011760
비츠로시스,A054220
세아제강지주,A003030
한국석유,A004090
MP그룹,A065150
대신증권,A003540
삼목에스폼,A018310
케어젠,A214370
한독,A002390
LG화학,A051910
경동나비엔,A009450
한전KPS,A051600
에스에프에이,A056190
현대리바트,A079430
메가스터디,A072870
현대오토에버,A307950
아이디스홀딩스,A054800
세원물산,A024830
한일시멘트,A300720
조흥,A002600
지엘팜텍,A204840
신테카바이오,A226330
아세아시멘트,A183190
삼보판지,A023600
하이트진로홀딩스,A000140
대양전기공업,A108380
서연,A007860
나이스정보통신,A036800
한양증권,A001750
아모텍,A052710
제우스,A079370
이수화학,A005950
선창산업,A002820
동국제강,A001230
메리츠화재,A000060
신화인터텍,A056700
라파스,A214260
씨유메디칼,A115480
한솔시큐어,A070300
코윈테크,A282880
코엔텍,A029960
태평양물산,A007980
국동,A005320
랩지노믹스,A084650
필룩스,A033180
서한,A011370
펩트론,A087010
에스에이티,A060540
나이스디앤비,A130580
한국특수형강,A007280
에스피시스템스,A317830
에어부산,A298690
이씨에스,A067010
넥슨지티,A041140
영신금속,A007530
청호컴넷,A012600
에프알텍,A073540
드림어스컴퍼니,A060570
퓨쳐켐,A220100
일진디스플,A020760
티케이케미칼,A104480
오르비텍,A046120
웹스,A196700
드림텍,A192650
뉴프렉스,A085670
우리조명,A037400
SG충방,A001380
에스폴리텍,A050760
다날,A064260
지트리비앤티,A115450
팬젠,A222110
바디텍메드,A206640
오상자이엘,A053980
블러썸엠앤씨,A263920
한국맥널티,A222980
태광산업,A003240
엔에스,A217820
제노포커스,A187420
세원셀론텍,A091090
이지웰페어,A090850
컨버즈,A109070
링크제니시스,A219420
아이앤씨,A052860
알루코,A001780
JW홀딩스,A096760
동성화인텍,A033500
이글벳,A044960
룽투코리아,A060240
베셀,A177350
진양산업,A003780
미코,A059090
고려시멘트,A198440
리드,A197210
에이에프더블류,A312610
조일알미늄,A018470
하이로닉,A149980
오성첨단소재,A052420
엘비세미콘,A061970
에이씨티,A138360
바이오제네틱스,A044480
에스티오,A098660
코디,A080530
제주반도체,A080220
조이맥스,A101730
테라젠이텍스,A066700
청보산업,A013720
앱클론,A174900
CNH,A023460
백금T&A,A046310
우리손에프앤지,A073560
메가엠디,A133750
에이치케이,A044780
대한광통신,A010170
아스타,A246720
YBM넷,A057030
구영테크,A053270
디엠티,A134580
라이브파이낸셜,A036170
한국정보인증,A053300
덱스터,A206560
KBI메탈,A024840
듀오백,A073190
비트컴퓨터,A032850
한국전자홀딩스,A006200
이미지스,A115610
지니뮤직,A043610
옵티팜,A153710
위세아이텍,A065370
한신기계,A011700
잉크테크,A049550
티웨이홀딩스,A004870
텔레필드,A091440
아이에스이커머스,A069920
WI,A073570
좋은사람들,A033340
태양금속,A004100
이스트소프트,A047560
투비소프트,A079970
우수AMS,A066590
현진소재,A053660
해성옵틱스,A076610
진양화학,A051630
세미콘라이트,A214310
유아이디,A069330
신원,A009270
이노인스트루먼트,A215790
미디어젠,A279600
티라유텍,A322180
한일진공,A123840
정다운,A208140
신라젠,A215600
홈캐스트,A064240
이엠코리아,A095190
네오펙트,A290660
윌비스,A008600
경남제약,A053950
디케이디앤아이,A033310
이엠넷,A123570
삼익악기,A002450
THE MIDONG,A161570
동성제약,A002210
엘아이에스,A138690
휴네시온,A290270
한전산업,A130660
스타모빌리티,A158310
코웰패션,A033290
에이피티씨,A089970
웰크론,A065950
남성,A004270
엔피디,A198080
케이엠더블유,A032500
제일제강,A023440
에이스테크,A088800
TPC,A048770
강스템바이오텍,A217730
케이씨티,A089150
상신전자,A263810
아이크래프트,A052460
삼성제약,A001360
조이시티,A067000
쇼박스,A086980
후성,A093370
이수앱지스,A086890
한올바이오파마,A009420
티에이치엔,A019180
아이오케이,A078860
미투온,A201490
지에스이,A053050
제이티,A089790
유니온커뮤니티,A203450
알톤스포츠,A123750
파수닷컴,A150900
씨엠에스에듀,A225330
녹십자웰빙,A234690
뉴지랩,A214870
장원테크,A174880
엔피케이,A048830
iMBC,A052220
앤씨앤,A092600
쏠리드,A050890
이화공영,A001840
에스에프씨,A112240
갤럭시아컴즈,A094480
우정바이오,A215380
바이오톡스텍,A086040
에스에이엠티,A031330
이노테라피,A246960
한탑,A002680
젬백스지오,A041590
동방선기,A099410
레드로버,A060300
에이프로젠 KIC,A007460
에스씨디,A042110
우리바이오,A082850
리메드,A302550
원익큐브,A014190
압타바이오,A293780
서원,A021050
화신정공,A126640
큐렉소,A060280
메타바이오메드,A059210
인성정보,A033230
제너셈,A217190
광명전기,A017040
쎄니트,A037760
코다코,A046070
바른손,A018700
아이티센,A124500
한솔로지스틱스,A009180
아시아종묘,A154030
형지엘리트,A093240
아이진,A185490
컴퍼니케이,A307930
범양건영,A002410
웰바이오텍,A010600
앤디포스,A238090
오픈베이스,A049480
액트,A131400
대창,A012800
모헨즈,A006920
한솔홈데코,A025750
시스웍,A269620
LG생활건강,A051900
코드네이처,A078940
DI동일,A001530
세아제강,A306200
SK이노베이션,A096770
농심홀딩스,A072710
파마리서치프로덕트,A214450
매일홀딩스,A005990
KG케미칼,A001390
잇츠한불,A226320
동성화학,A005190
테이팩스,A055490
한국콜마,A161890
한국콜마홀딩스,A024720
제이브이엠,A054950
안랩,A053800
한국기업평가,A034950
호텔신라,A008770
CS홀딩스,A000590
서울가스,A017390
아이에이,A038880
이트론,A096040
롯데제과,A280360
E1,A017940
셀트리온,A068270
크라운해태홀딩스,A005740
삼양패키징,A272550
두산중공업,A034020
코텍,A052330
코리안리,A003690
에스엠,A041510
현대코퍼레이션홀딩스,A227840
와이지엔터테인먼트,A122870
SK디앤디,A210980
S&T중공업,A003570
우주일렉트로,A065680
메가스터디교육,A215200
삼영무역,A002810
현대백화점,A069960
하림지주,A003380
케이디켐,A221980
에스티팜,A237690
무학,A033920
대한제강,A084010
태양,A053620
메리츠금융지주,A138040
덴티움,A145720
세종공업,A033530
크리스에프앤씨,A110790
현대그린푸드,A005440
씨에스윈드,A112610
코오롱글로벌,A003070
레드캡투어,A038390
코리아오토글라스,A152330
리노공업,A058470
이라이콤,A041520
하나투어,A039130
DRB동일,A004840
송원산업,A004430
동부건설,A005960
NICE,A034310
SK가스,A018670
삼성SDI,A006400
한국조선해양,A009540
휴젤,A145020
한일홀딩스,A003300
GS홈쇼핑,A028150
경동인베스트,A012320
동원F&B,A049770
한양이엔지,A045100
넥센,A005720
강원랜드,A035250
씨티케이코스메틱스,A260930
쿠쿠홈시스,A284740
휴온스,A243070
KCC건설,A021320
사조오양,A006090
황금에스티,A032560
고영,A098460
CJ프레시웨이,A051500
프로텍,A053610
푸른저축은행,A007330
동원시스템즈,A014820
피에스케이홀딩스,A031980
이건산업,A008250
하이트진로,A000080
녹십자홀딩스,A005250
휠라홀딩스,A081660
대정화금,A120240
멀티캠퍼스,A067280
태광,A023160
삼양홀딩스,A000070
케이알피앤이,A060900
비상교육,A100220
JB금융지주,A175330
휴맥스,A115160
휴켐스,A069260
BGF,A027410
LG유플러스,A032640
동일금속,A109860
유비쿼스,A264450
이엔에프테크놀로지,A102710
한국철강,A104700
DB금융투자,A016610
자화전자,A033240
이녹스첨단소재,A272290
연우,A115960
위메이드,A112040
슈프리마,A236200
성신양회,A004980
세보엠이씨,A011560
성광벤드,A014620
인화정공,A101930
동아지질,A028100
나스미디어,A089600
노루페인트,A090350
엔터메이트,A206400
조선내화,A000480
동일산업,A004890
삼성생명,A032830
OCI,A010060
미창석유,A003650
KPX홀딩스,A092230
현대홈쇼핑,A057050
롯데칠성,A005300
삼진제약,A005500
바텍,A043150
코웨이,A021240
제주은행,A006220
핸즈코퍼레이션,A143210
하이텍팜,A106190
호전실업,A111110
해성산업,A034810
제주항공,A089590
국보디자인,A066620
우진아이엔에스,A010400
선데이토즈,A123420
스튜디오드래곤,A253450
일동홀딩스,A000230
동아엘텍,A088130
농우바이오,A054050
코메론,A049430
이녹스,A088390
아이디스,A143160
지누스,A013890
제넥신,A095700
대상홀딩스,A084690
뷰웍스,A100120
동양생명,A082640
대림산업,A000210
지역난방공사,A071320
화천기공,A000850
파라다이스,A034230
케이아이엔엑스,A093320
팅크웨어,A084730
아시아나IDT,A267850
대동금속,A020400
아이큐어,A175250
메카로,A241770
스카이라이프,A053210
대원산업,A005710
동일고무벨트,A163560
엠케이전자,A033160
넥센타이어,A002350
LG헬로비전,A037560
네오위즈,A095660
한국알콜,A017890
디와이파워,A210540
조광페인트,A004910
이엘피,A063760
율촌화학,A008730
천보,A278280
티에스이,A131290
진로발효,A018120
디씨엠,A024090
이연제약,A102460
선진,A136490
엘엠에스,A073110
아이센스,A099190
엔에스쇼핑,A138250
아주캐피탈,A033660
성우하이텍,A015750
와이디온라인,A052770
CJ ENM,A035760
아모그린텍,A125210
일성신약,A003120
CJ,A001040
유한양행,A000100
케이씨텍,A281820
디와이,A013570
태영건설,A009410
센트랄모텍,A308170
신흥에스이씨,A243840
사조씨푸드,A014710
에스텍,A069510
동서,A026960
하나제약,A293480
HDC아이콘트롤스,A039570
제일약품,A271980
시디즈,A134790
인지컨트롤스,A023800
DB하이텍,A000990
성도이엔지,A037350
리드코프,A012700
슈프리마에이치큐,A094840
대동전자,A008110
미래컴퍼니,A049950
이엠텍,A091120
현대로템,A064350
에이치엘사이언스,A239610
락앤락,A115390
삼화콘덴서,A001820
한화손해보험,A000370
코리아써키트,A007810
서호전기,A065710
대덕전자,A008060
동아쏘시오홀딩스,A000640
CJ대한통운,A000120
효성,A004800
효성화학,A298000
에이앤티앤,A050320
현대글로비스,A086280
썸에이지,A208640
현대위아,A011210
서진시스템,A178320
모토닉,A009680
ISC,A095340
우리산업,A215360
휴맥스홀딩스,A028080
테스나,A131970
국순당,A043650
한화생명,A088350
에이블씨엔씨,A078520
애경산업,A018250
휴비스,A079980
코스메카코리아,A241710
지엠비코리아,A013870
일동제약,A249420
카페24,A042000
제이에스코퍼레이션,A194370
새론오토모티브,A075180
엘티씨,A170920
해성디에스,A195870
한진중공업홀딩스,A003480
창해에탄올,A004650
한세엠케이,A069640
삼지전자,A037460
한국주철관,A000970
JW중외제약,A001060
일진머티리얼즈,A020150
금강공업,A014280
텔코웨어,A078000
다우데이타,A032190
베스파,A299910
골프존뉴딘홀딩스,A121440
안국약품,A001540
쎌바이오텍,A049960
마크로젠,A038290
유유제약,A000220
이노와이어리스,A073490
서부T&D,A006730
SK렌터카,A068400
서울반도체,A046890
한국화장품제조,A003350
APS홀딩스,A054620
스타플렉스,A115570
한국전력,A015760
엔씨소프트,A036570
삼성물산,A028260
아이엠텍,A226350
삼양사,A145990
LG,A003550
한국공항,A005430
대성에너지,A117580
레이언스,A228850
남화토건,A091590
비피도,A238200
셀트리온헬스케어,A091990
세코닉스,A053450
무림페이퍼,A009200
삼진,A032750
탑엔지니어링,A065130
애경유화,A161000
수산아이앤티,A050960
KSS해운,A044450
와이솔,A122990
야스,A255440
테스,A095610
코미코,A183300
에버다임,A041440
삼성중공업,A010140
비아트론,A141000
유틸렉스,A263050
동화약품,A000020
삼화페인트,A000390
토비스,A051360
아이마켓코리아,A122900
로보스타,A090360
대성산업,A128820
한일현대시멘트,A006390
신송홀딩스,A006880
와이지-원,A019210
유비쿼스홀딩스,A078070
인터플렉스,A051370
흥국화재,A000540
까스텔바작,A308100
데브시스터즈,A194480
픽셀플러스,A087600
미래에셋생명,A085620
인터로조,A119610
동신건설,A025950
코리아에셋투자증권,A190650
한국항공우주,A047810
한세실업,A105630
디케이락,A105740
인텔리안테크,A189300
휴메딕스,A200670
인팩,A023810
와토스코리아,A079000
비씨월드제약,A200780
유진테크,A084370
풍국주정,A023900
코위버,A056360
지투알,A035000
한창산업,A079170
SJM,A123700
유성기업,A002920
노랑풍선,A104620
오디텍,A080520
위니아딤채,A071460
한국바이오젠,A318000
트루윈,A105550
기산텔레콤,A035460
글로벌텍스프리,A204620
제일바이오,A052670
디지틀조선,A033130
세운메디칼,A100700
디이엔티,A079810
브이티지엠피,A018290
HB테크놀러지,A078150
딜리,A131180
인베니아,A079950
나노,A187790
코리아나,A027050
KEC,A092220
유비케어,A032620
상상인증권,A001290
영흥철강,A012160
에스디시스템,A121890
조아제약,A034940
서울리거,A043710
진양폴리,A010640
유양디앤유,A011690
카스,A016920
네오셈,A253590
SFA반도체,A036540
한솔PNS,A010420
GV,A045890
텔콘RF제약,A200230
스페코,A013810
유진로봇,A056080
스카이문스테크놀로지,A033790
유니온머티리얼,A047400
행남사,A008800
삼본전자,A111870
옴니시스템,A057540
유에스티,A263770
솔트웍스,A230980
수산중공업,A017550
디엔에이링크,A127120
금양,A001570
멜파스,A096640
에스모 머티리얼즈,A087730
대원화성,A024890
이월드,A084680
리노스,A039980
우양,A103840
필링크,A064800
덕신하우징,A090410
크로바하이텍,A043590
로지시스,A067730
엑셈,A205100
와이아이케이,A232140
남영비비안,A002070
덕양산업,A024900
바이오니아,A064550
모나리자,A012690
한솔인티큐브,A070590
파인디앤씨,A049120
에이스토리,A241840
시그네틱스,A033170
에쓰씨엔지니어링,A023960
DSC인베스트먼트,A241520
한국팩키지,A037230
셀바스AI,A108860
보성파워텍,A006910
에스제이케이,A080440
코썬바이오,A204990
해덕파워웨이,A102210
엘디티,A096870
바이오로그디바이스,A208710
팜스토리,A027710
위지윅스튜디오,A299900
보광산업,A225530
일성건설,A013360
셀바스헬스케어,A208370
엠게임,A058630
SG,A255220
영풍,A000670
램테크놀러지,A171010
피제이메탈,A128660
대성파인텍,A104040
코리아에스이,A101670
셀리드,A299660
데이타솔루션,A263800
한국전자인증,A041460
흥국에프엔비,A189980
YG PLUS,A037270
오스코텍,A039200
케이씨에스,A115500
서희건설,A035890
에이프런티어,A036180
디에이테크놀로지,A196490
신성통상,A005390
SDN,A099220
내츄럴엔도텍,A168330
티움바이오,A321550
지티지웰니스,A219750
삼부토건,A001470
피피아이,A062970
쌍방울,A102280
에스엔텍비엠,A160600
엑사이엔씨,A054940
한일사료,A005860
케이엔제이,A272110
에이티넘인베스트,A021080
SKC 솔믹스,A057500
광림,A014200
화이브라더스코리아,A204630
세원,A234100
영화금속,A012280
파인텍,A131760
남선알미늄,A008350
미래생명자원,A218150
메타랩스,A090370
엔케이,A085310
신풍제지,A002870
켐트로스,A220260
국영지앤엠,A006050
바이오리더스,A142760
이엑스티,A226360
포비스티앤씨,A016670
엠아이텍,A179290
에스코넥,A096630
코미팜,A041960
케이엘넷,A039420
빅텍,A065450
성문전자,A014910
콤텍시스템,A031820
나이벡,A138610
신스타임즈,A056000
대주산업,A003310
KNN,A058400
와이제이엠게임즈,A193250
케이피엠테크,A042040
태웅로직스,A124560
우진비앤지,A018620
삼화전자,A011230
에코마이스터,A064510
동운아나텍,A094170
로보로보,A215100
엔케이맥스,A182400
써니전자,A004770
KMH하이텍,A052900
코스나인,A082660
에스티큐브,A052020
IHQ,A003560
우리로,A046970
정산애강,A022220
세우글로벌,A013000
피델릭스,A032580
성호전자,A043260
한국캐피탈,A023760
삼영화학,A003720
맥스로텍,A141070
고려신용정보,A049720
부산주공,A005030
나노엔텍,A039860
웅진에너지,A103130
기가레인,A049080
캠시스,A050110
성안,A011300
전파기지국,A065530
녹십자엠에스,A142280
까뮤이앤씨,A013700
수젠텍,A253840
바른손이앤에이,A035620
아주IB투자,A027360
인텍플러스,A064290
미스터블루,A207760
제이엠아이,A033050
크루셜텍,A114120
대영포장,A014160
셀루메드,A049180
이에스에이,A052190
대아티아이,A045390
한창제지,A009460
씨아이테크,A004920
참엔지니어링,A009310
인트론바이오,A048530
엠젠플러스,A032790
사조동아원,A008040
TS인베스트먼트,A246690
대성창투,A027830
이루온,A065440
코이즈,A121850
코세스,A089890
아이엠,A101390
파티게임즈,A194510
세화피앤씨,A252500
진원생명과학,A011000
스카이이앤엠,A131100
EDGC,A245620
파인테크닉스,A106240
메디포럼제약,A047920
수성,A084180
에이프로젠 H&G,A109960
상지카일룸,A042940
패션플랫폼,A225590
대양금속,A009190
아이에이네트웍스,A123010
현대바이오,A048410
케이엠제약,A225430
CS,A065770
SM C&C,A048550
CSA 코스믹,A083660
정원엔시스,A045510
지스마트글로벌,A114570
골드퍼시픽,A038530
폴루스바이오팜,A007630
지엔코,A065060
나노메딕스,A074610
매직마이크로,A127160
코오롱머티리얼,A144620
에이프로젠제약,A003060
대원전선,A006340
페이퍼코리아,A001020
SK증권,A001510
SM Life Design,A063440
파루,A043200
드래곤플라이,A030350
엔지스테크널러지,A208860
우리이앤엘,A153490
인디에프,A014990
SV인베스트먼트,A289080
SGA솔루션즈,A184230
체시스,A033250
감마누,A192410
한국코퍼레이션,A050540
소프트센,A032680
쌍용정보통신,A010280
피씨엘,A241820
에이비프로바이오,A195990
대호에이엘,A069460
넥스트아이,A137940
코렌,A078650
다믈멀티미디어,A093640
티비씨,A033830
유니맥스글로벌,A215090
키다리스튜디오,A020120
엔바이오니아,A317870
모바일어플라이언스,A087260
위즈코프,A038620
토탈소프트,A045340
에프앤리퍼블릭,A064090
러셀,A217500
윈팩,A097800
버킷스튜디오,A066410
대명코퍼레이션,A007720
에스맥,A097780
세동,A053060
알서포트,A131370
바이오빌,A065940
남양유업,A003920
글로본,A019660
바이온,A032980
풍강,A093380
현대약품,A004310
대우부품,A009320
SKC코오롱PI,A178920
아바텍,A149950
한글과컴퓨터,A030520
중앙백신,A072020
윈스,A136540
심텍,A222800
보락,A002760
아바코,A083930
도화엔지니어링,A002150
대교,A019680
에코마케팅,A230360
에스퓨얼셀,A288620
한라,A014790
POSCO,A005490
풍산,A103140
우리종금,A010050
씨티씨바이오,A060590
예스티,A122640
코스모신소재,A005070
에스앤에스텍,A101490
HDC현대산업개발,A294870
포스코강판,A058430
대한전선,A001440
신세계,A004170
고려아연,A010130
NAVER,A035420
현대차증권,A001500
NI스틸,A008260
이마트,A139480
나노스,A151910
삼호,A001880
포스코인터내셔널,A047050
원익머트리얼즈,A104830
대림씨엔에스,A004440
디알젬,A263690
포스코 ICT,A022100
포스코엠텍,A009520
영풍정밀,A036560
동남합성,A023450
NH투자증권,A005940
티씨케이,A064760
유나이티드제약,A033270
환인제약,A016580
현대제철,A004020
포스코케미칼,A003670
한컴MDS,A086960
한전기술,A052690
신세계 I&C,A035510
이테크건설,A016250
세이브존I&C,A067830
미래에셋대우,A006800
CJ씨푸드,A011150
플레이위드,A023770
